MDS1,MDS2,gene_name,DTW_kmeans_cluster,Cluster_label
-21.180582889840803,-7.61822627768444,HSPA1A,1,Cluster 1
-10.37612267024377,-16.079810395999598,PRG2,4,Cluster 4
11.294594260677183,10.304205061128222,AGMAT,6,Cluster 6
-8.77758448731326,-20.928647751894605,OLAH,4,Cluster 4
-16.22085304359436,-16.212265764442716,AL139095.4,4,Cluster 4
21.404935665799997,4.080972355012523,BEX4,6,Cluster 6
-3.62210674377989,-15.255226831232738,HSPA1B,4,Cluster 4
-5.185594352405384,-22.561011819100017,PHOSPHO1,4,Cluster 4
-6.45353249838654,-20.749027972154437,UCA1,4,Cluster 4
7.111616852551007,-5.21202184446453,BX004987.1,2,Cluster 2
-1.248650669170163,18.141272650166332,KRT73,3,Cluster 3
-19.69292065976273,-5.823599916144257,PARD6G-AS1,1,Cluster 1
15.359845538373799,14.832551440831397,YEATS4,6,Cluster 6
12.503453946620766,16.646811455753,TTC32,6,Cluster 6
-21.71023666404332,-11.289402251105887,CDC42BPA,1,Cluster 1
-8.885155885040602,-15.880670863463203,HDC,4,Cluster 4
22.37146738140346,4.76356675644641,CTLA4,6,Cluster 6
7.400095172334266,-14.52335116487871,CPA5,2,Cluster 2
-4.9284948218726665,-10.445329136200803,CNRIP1,4,Cluster 4
6.220280708445511,12.53228738996649,KRT72,6,Cluster 6
6.714657552250497,-16.501523318531824,IGKV2D-29,2,Cluster 2
16.229178042292347,0.9686500959349261,TIMD4,6,Cluster 6
-6.897147095698345,-16.3231684208897,AC139100.2,4,Cluster 4
22.969969444030806,2.7164418329663986,AC253572.2,6,Cluster 6
12.621050506254953,13.378003704935066,CACNA1C-AS1,6,Cluster 6
-3.700926747805746,-19.739288249368734,IGKV1D-43,4,Cluster 4
1.6075080082890332,13.548916767821142,TENM1,3,Cluster 3
-0.41765752386274485,6.965811504123482,DSC1,5,Cluster 5
2.6768273344026228,15.619293634740098,OXT,3,Cluster 3
-21.27381143993097,-9.128778882746815,PGA5,1,Cluster 1
22.088568678023876,2.873253430627948,AC245014.3,6,Cluster 6
-25.231882556329857,2.581010318125224,ST6GALNAC3,1,Cluster 1
-0.03929653277727459,20.535915533258077,VSIG2,3,Cluster 3
0.6591589999221902,5.80453938191629,AL606760.1,5,Cluster 5
10.138429408674419,12.265517132389853,AL031432.1,6,Cluster 6
-5.511307275538505,-12.2220541174103,GATA2,4,Cluster 4
2.0461730460342475,16.13239940037245,SLC22A17,3,Cluster 3
12.781089480565141,8.605862466074461,TMEM123,6,Cluster 6
8.018019981658876,-15.710835972688212,IGKV2D-28,2,Cluster 2
13.156718478275113,15.671310492963526,AL136038.5,6,Cluster 6
20.230546876033642,1.492398232557075,PHGDH,6,Cluster 6
-10.401943287271463,-23.676604059346438,PAGE2B,4,Cluster 4
4.602442482979848,13.110074623374736,TRBV5-4,3,Cluster 3
10.04333184317604,9.53536231865073,GNG8,6,Cluster 6
3.932019308604032,-9.073689687655254,IGHV5-51,2,Cluster 2
-6.455236462239163,-19.31583571530373,HOXA10-AS,4,Cluster 4
-23.144332481953352,-4.062621306865872,CKM,1,Cluster 1
-21.072418166109408,-11.820131457915597,RASL11A,4,Cluster 4
21.964220206968843,-2.7607942555141873,PTCH2,2,Cluster 2
-0.3204348857407521,10.916276263408022,MIR4458HG,3,Cluster 3
-3.0528872581463427,20.74239610404147,STYX,3,Cluster 3
10.29356974885603,8.301797967624251,TRBV14,6,Cluster 6
17.8761791572192,4.988916410211504,MINCR,6,Cluster 6
-19.265290008390547,-7.692001192840809,SPR,1,Cluster 1
12.251597748067056,-0.9477918155495167,LINC01281,2,Cluster 2
15.383882655760676,-6.716908834783197,JHY,2,Cluster 2
-7.479111058413414,-7.715414527096527,HPGDS,4,Cluster 4
8.054350719726001,-21.91642489991326,CCAR2,2,Cluster 2
-22.31722851125479,11.376352411771325,SEPTIN4,1,Cluster 1
-9.737488220419692,-16.86433472092321,ADIPOR1,4,Cluster 4
15.74861052905355,18.244191509997524,P2RY8,6,Cluster 6
-26.238290420793906,5.983890145240955,NEDD4,1,Cluster 1
6.824215124044933,15.196979662393609,LINC01891,3,Cluster 3
12.64349835397854,9.427720027258768,VPS9D1-AS1,6,Cluster 6
1.4244876553474235,10.513276473149698,TRBV3-1,3,Cluster 3
-15.206505924180853,-8.86157306535512,DNAJA1,4,Cluster 4
20.92387200433497,0.2951709029074301,IFITM1,6,Cluster 6
9.20539642239661,8.735894082710418,LINC01431,6,Cluster 6
-25.81760233141688,1.4956129080540235,SV2C,1,Cluster 1
-6.894085987936164,15.443877134239566,ACYP2,3,Cluster 3
11.981602171927333,13.287430215308133,CAMK4,6,Cluster 6
-7.071868886639528,-17.329987352035342,TDRD15,4,Cluster 4
-0.8910087131130977,-18.761819534158608,SRSF7,4,Cluster 4
-1.5940440117411998,2.913865662732989,NRCAM,5,Cluster 5
13.644451138796864,-14.54226804583846,RABL2A,2,Cluster 2
-19.596688283318763,-13.13110292848252,LMO4,4,Cluster 4
-6.486561946358032,8.245544357525048,MUC20,5,Cluster 5
20.28392794847125,12.284165122663882,LINC01089,6,Cluster 6
20.591451705474597,5.1539285605560226,CA11,6,Cluster 6
-4.849619528184814,-13.68312323193032,DNAJB4,4,Cluster 4
-3.541895000241815,12.350586188381204,LEF1-AS1,3,Cluster 3
0.20804210925132569,20.595633725965108,AC078883.1,3,Cluster 3
12.483134389974941,-8.463860149698222,TP63,2,Cluster 2
16.734859477410016,9.780387082022218,AC004706.1,6,Cluster 6
-4.027565760301241,-21.335122486219422,TMPRSS11E,4,Cluster 4
-13.654564041984967,-24.42941076172073,TPSG1,4,Cluster 4
17.098663861581556,4.527445541412784,AC005944.1,6,Cluster 6
13.01856140438498,17.17984541401671,AL353660.1,6,Cluster 6
-10.47801533554231,-24.754391906253545,AC073210.3,4,Cluster 4
20.517403204080427,-1.5667357546868752,ASB15,6,Cluster 6
12.04940185551656,0.8114881060815703,TBXA2R,6,Cluster 6
-2.8316291771787854,-2.6890230074081156,AC006517.2,5,Cluster 5
10.075842510046098,18.910199234672994,AC211476.6,6,Cluster 6
-2.5793371587093836,-18.633121718722002,IGLV3-19,4,Cluster 4
-8.37552876080248,-11.17894681979681,ACY3,4,Cluster 4
5.991193575292731,-18.49885136927499,AC005921.4,2,Cluster 2
7.5886967596312385,10.669962804120308,PDE9A,6,Cluster 6
4.013273435843159,-4.0711854037385224,GJC3,5,Cluster 5
-15.109361075617812,-20.61065115266629,LINC00200,4,Cluster 4
20.253790909688778,8.867623601093443,AP3M2,6,Cluster 6
-18.21223560705323,-8.910999749367093,LINC00240,1,Cluster 1
2.764675471092188,8.921788192018752,CDKAL1,5,Cluster 5
-15.90950157554498,-7.803909213645318,GPER1,1,Cluster 1
-10.28387710823449,-13.501839727670072,CDH1,4,Cluster 4
-11.230061475904439,-24.440411850530264,SFRP2,4,Cluster 4
4.77954332312027,2.510886904297308,CA6,5,Cluster 5
-8.485201241928161,12.761014208270572,TRBV4-1,3,Cluster 3
4.437644095885747,-21.759783296523185,IGKV2-29,4,Cluster 4
-22.261354628015322,5.379276299010659,HSPA6,1,Cluster 1
-11.159509489632594,-18.18046555840714,ZNF211,4,Cluster 4
9.909301459852369,15.513055241990864,APPL2,6,Cluster 6
1.093480557788237,-22.72131280297096,RRP7A,4,Cluster 4
-20.633110534061903,9.182853408333987,AC012368.1,1,Cluster 1
9.220519946119717,14.647370635821455,PLA2G12A,6,Cluster 6
-4.1755027586527484,-2.9305053605242852,PRXL2B,5,Cluster 5
-15.865194395935658,-12.773615546919615,AL022069.1,4,Cluster 4
-14.30744362418764,-12.58584871281717,LINC00894,4,Cluster 4
13.935856437095307,-1.517373431486971,POGLUT3,2,Cluster 2
18.65320727150158,-8.38089197174608,AC005037.1,2,Cluster 2
15.623848699184729,10.374689517966212,AC083798.2,6,Cluster 6
10.721826445717419,19.80635927443585,CAPN8,6,Cluster 6
3.515339605399717,18.296979427501306,LINC01876,3,Cluster 3
-17.300050804037873,-6.494011511807971,TREM2,1,Cluster 1
1.7341433704422555,-22.405835312409174,CACNA1C,4,Cluster 4
2.663279785827793,6.306655767674108,LINC01825,5,Cluster 5
-8.113328351251834,-11.015206566764128,IRF1,4,Cluster 4
22.166590256729894,-0.8820317171043333,MCUB,6,Cluster 6
18.1863924778014,10.814266387946386,AC239799.2,6,Cluster 6
-3.6186115391072855,7.50263958124894,NPAS2,5,Cluster 5
6.494119505595858,11.61007321805588,COX10-AS1,6,Cluster 6
5.103071687988197,18.884844849917645,BBIP1,3,Cluster 3
-15.689975649452427,-11.600867747666099,ABHD3,4,Cluster 4
-14.134088804802394,-16.051162035308632,C1orf115,4,Cluster 4
-12.87686811156938,-18.429267996860872,MT1H,4,Cluster 4
3.6000917594935644,-1.195188793503399,AC079848.1,5,Cluster 5
-20.26828830723805,-7.579233426575596,CYP4F3,1,Cluster 1
-14.889957790776462,-15.65473262977095,AC090971.5,4,Cluster 4
20.163836972578835,-6.142746573334514,NPIPB15,2,Cluster 2
14.214860756227129,-7.926203342623951,TM4SF19-AS1,2,Cluster 2
-1.704906555186523,13.91163940219092,LINC00402,3,Cluster 3
16.87726300967635,2.4415207103857752,MYLPF,6,Cluster 6
-13.253798726919063,-15.929610022724528,LINC01115,4,Cluster 4
10.83136178957876,-11.42021942727403,TEX14,2,Cluster 2
23.11076862805568,4.111006403952753,AC064836.4,6,Cluster 6
8.517002467469695,20.159748840084916,AL162457.1,3,Cluster 3
4.969250029910815,-17.998827331769117,ALOXE3,2,Cluster 2
-4.058940347589882,11.606426788767516,AL391097.1,3,Cluster 3
0.08594790563312046,21.630119330471103,AC009630.1,3,Cluster 3
2.7691531509753418,-19.614497428015337,CLEC9A,4,Cluster 4
-20.05285133813411,-4.990927346879483,AC100793.2,1,Cluster 1
-9.28881859669581,-9.310472560554949,LTBP2,4,Cluster 4
17.20834038447061,-14.686471715867002,APBA3,2,Cluster 2
19.2134086605709,-9.149797971582595,LRRC8A,2,Cluster 2
-9.10859127269084,-11.7573781920375,HBD,4,Cluster 4
-23.053714335647992,-7.428865367671323,C2,1,Cluster 1
-2.5612118429215167,18.182322035085683,MT3,3,Cluster 3
-18.628380260535945,4.59821655739151,ARHGAP29,1,Cluster 1
8.316294427973842,8.714803808346888,LINC02332,6,Cluster 6
-8.10375936873842,-18.19724235907929,IGHV3-33,4,Cluster 4
6.793765074087453,21.94792809805389,AP005899.1,3,Cluster 3
5.744825853759163,14.356120230105649,AC026979.2,3,Cluster 3
17.031179165326016,6.970257847729151,MIR762HG,6,Cluster 6
-5.034977465701008,-24.752452059236344,HBZ,4,Cluster 4
-11.853303318842089,-10.34786932566254,RHOB,4,Cluster 4
15.69544356948507,-9.687977293214528,PDE6B,2,Cluster 2
17.455075724084477,-13.183401552311542,CTPS1,2,Cluster 2
-23.434873763952925,12.974872618511888,WASF2,1,Cluster 1
-21.06868857743499,1.0518788673240804,FNDC3A,1,Cluster 1
-11.592351531751941,-22.57770245261516,MPL,4,Cluster 4
9.552483845298765,-5.215963099050503,FAM226B,2,Cluster 2
12.17857416669117,-10.799617152106205,MPHOSPH9,2,Cluster 2
15.295145453612344,19.992301512835592,AC099332.1,6,Cluster 6
18.218522021285267,-12.440804165296985,C16orf46,2,Cluster 2
-13.997420988159975,-21.73834040935278,CDK15,4,Cluster 4
10.278759654200615,16.484785586754647,LINC01215,6,Cluster 6
11.225708614316398,4.395063299810586,DGKK,6,Cluster 6
-0.2520974137201155,18.1561174644243,SUN3,3,Cluster 3
-7.407191379126274,-1.4325480172479168,TRBV4-2,5,Cluster 5
14.862018361352117,-14.296326294673015,ANAPC5,2,Cluster 2
19.64119624823289,9.958877309174804,PKIA,6,Cluster 6
15.486015289970176,-3.1230327169301733,MYEF2,2,Cluster 2
4.450680091407686,-20.858813178896714,IGLV3-25,2,Cluster 2
-9.723613971187204,-21.74224951584269,TPSAB1,4,Cluster 4
10.194151302004743,4.98175366171829,FMNL3,6,Cluster 6
15.706155890141261,-16.051778146912802,ANKRD10,2,Cluster 2
9.20031889796956,-6.695956828398437,SFTA2,2,Cluster 2
-13.189449002667505,-3.795841486158561,TMOD1,1,Cluster 1
14.741409355200625,-13.869956486264792,XRCC2,2,Cluster 2
-6.257176273049873,-16.599436177719806,HSP90AA1,4,Cluster 4
-6.926602605269181,-17.669269015357692,DLL4,4,Cluster 4
-20.412716886128422,12.274719647431011,ELOA,1,Cluster 1
-16.022519330052543,6.300173756234406,CFH,1,Cluster 1
-9.010431033647201,20.315803347538143,ZC3H4,3,Cluster 3
12.836829132944029,-16.886541003858436,PIGH,2,Cluster 2
13.238070603341708,0.797997358989807,LZTS3,6,Cluster 6
11.287935826197193,7.662927040833071,CUBN,6,Cluster 6
-24.57414318415783,-1.3572237423475735,LINC02701,1,Cluster 1
2.8001370605461213,-9.645308417062852,AL160313.1,2,Cluster 2
19.416097678130278,-7.689206704634075,SLC25A26,2,Cluster 2
-2.7779318316011263,12.990367713785275,MTUS1,3,Cluster 3
-19.569248078727707,10.608058999241244,BCORL1,1,Cluster 1
9.32514169974157,-3.1161468530716485,ZNF792,2,Cluster 2
-2.389213971040947,-9.406432850692708,IGHV1-3,4,Cluster 4
1.290794784412199,-19.304459379940834,PAPSS1,4,Cluster 4
13.943866857223622,16.932703060487697,MYH11,6,Cluster 6
-16.95374842733447,10.360086820251562,RASD1,1,Cluster 1
12.740271093979608,-5.2895215727541,OTUD5,2,Cluster 2
9.003754585758424,18.278168151046305,GPRC5B,6,Cluster 6
21.759691851904364,-7.788068495473192,SFXN1,2,Cluster 2
-4.945255835496713,17.241658049238644,RNF157-AS1,3,Cluster 3
15.960700625329522,13.453340636437277,LINC01278,6,Cluster 6
19.06182649761847,14.13615618404119,AC011511.3,6,Cluster 6
0.37972313844161515,22.983289944512293,ZSCAN16-AS1,3,Cluster 3
1.8115972076985027,12.954683526174884,AL591926.2,3,Cluster 3
10.40017701855385,-15.05414515636379,AC074212.1,2,Cluster 2
6.881499336454129,20.099662622351655,PRR34-AS1,3,Cluster 3
1.3649618173500992,26.501187023260712,AC114730.1,3,Cluster 3
16.625329135024163,6.43866219461912,AL132989.2,6,Cluster 6
23.72721112670231,-2.6952708058474864,AC103591.3,2,Cluster 2
-14.913406410310289,-22.160840478399304,TPSD1,4,Cluster 4
-14.205361555661673,-15.314733047534782,AC008750.2,4,Cluster 4
16.549837521202832,-0.8040184763111958,UPRT,6,Cluster 6
-19.17126855214109,-9.614028433186919,SCRG1,1,Cluster 1
-13.565853438647414,-8.755448482097606,DNAJC3-DT,4,Cluster 4
-8.672272808949074,-13.564062797804642,MFAP5,4,Cluster 4
24.693242777374227,4.336869208949232,ALDH7A1,6,Cluster 6
-10.838804094410918,17.842690383784678,CR381653.1,3,Cluster 3
24.797203494462106,-4.784391376998461,ICA1L,2,Cluster 2
-25.062891368103376,3.1999337991214256,SERINC2,1,Cluster 1
-9.682866497892412,-20.866528385181024,HBQ1,4,Cluster 4
-12.416698793568434,-10.195425078667904,ARMC12,4,Cluster 4
15.219734939052472,3.593706514641084,PLXDC1,6,Cluster 6
10.621315817375422,7.798710108733549,LEF1,6,Cluster 6
-15.116992620628881,-3.427031873996799,AC092746.1,1,Cluster 1
15.917831839231711,-11.008831023352588,UCN,2,Cluster 2
16.94785716400838,11.167569614339577,PDGFA,6,Cluster 6
-23.353819855456443,8.785210043894962,ERLIN1,1,Cluster 1
0.06770946537135841,7.181490075318541,KRT2,5,Cluster 5
-10.027926231633808,-22.817389149081986,TBX3,4,Cluster 4
16.3216832144892,-13.863537015275707,LINC00685,2,Cluster 2
3.6342532538044106,-0.5616699890481663,IL24,5,Cluster 5
6.06789621352074,-8.58891507052904,CHI3L2,2,Cluster 2
-9.728879727776256,6.821039903953293,CD248,5,Cluster 5
6.1553920866855085,11.647009338838807,TCF7,6,Cluster 6
-16.92232186979686,-8.887815356775205,LETM2,1,Cluster 1
-22.008380376058184,-6.264352007021275,NR5A2,1,Cluster 1
-10.081643436719487,-6.392731234317849,AL591043.2,4,Cluster 4
2.357229437468427,22.800997431986072,SYTL4,3,Cluster 3
11.614225518587826,-17.82618079731444,AC011825.2,2,Cluster 2
-4.019045269467936,-18.606697059264633,CABP1,4,Cluster 4
-2.010278205560008,-17.009982227013285,GLDN,4,Cluster 4
12.808814915072082,5.292422334447139,TMEM25,6,Cluster 6
17.169093169227693,12.138855315295814,SPIN2B,6,Cluster 6
-2.907163250425977,23.38616361771483,AL360012.1,3,Cluster 3
15.344253121776312,-1.0549130043655506,AC018809.2,6,Cluster 6
2.4714094825158486,15.297359853907086,TTC28-AS1,3,Cluster 3
4.253317363512502,11.973004667956596,NR2E3,3,Cluster 3
17.163853430335763,1.4178154896243795,SYNJ2,6,Cluster 6
-2.103341375471346,24.062521088410257,AC092919.1,3,Cluster 3
8.744366859389093,-9.873990171169629,SFXN2,2,Cluster 2
17.17517835780504,14.070328942397628,AC012146.1,6,Cluster 6
-14.39220039762163,-6.169076764043862,HSPH1,1,Cluster 1
3.3412604846255127,-6.012226567015436,LURAP1,5,Cluster 5
-0.8969248774698545,-0.5581795358121769,SNPH,5,Cluster 5
-6.684770752170693,20.35173811226528,POMK,3,Cluster 3
-12.331547161331123,-13.061671197209755,TBC1D16,4,Cluster 4
6.406104947764634,-6.084992236574517,ZBTB44-DT,2,Cluster 2
6.651918152822605,-3.03499172684488,HEMK1,5,Cluster 5
2.082509649963842,22.546469955128984,SH3BGRL2,3,Cluster 3
-0.9264109625230772,14.305442037250373,HYKK,3,Cluster 3
3.150498126957209,-21.222794044472877,CCND1,4,Cluster 4
6.339282238864891,14.003178447661561,AC008443.5,3,Cluster 3
17.0648543362967,-2.5186733255007074,APBA2,2,Cluster 2
-0.6050582449012716,13.697624303195505,AC087286.2,3,Cluster 3
-0.4399173585834997,-21.245214824743744,NPPC,4,Cluster 4
2.7097304330094136,14.632305595546951,ZSWIM5,3,Cluster 3
-0.8354773952009357,-19.31290012704999,HOXA9,4,Cluster 4
-21.232622619800246,11.754159687888256,OCRL,1,Cluster 1
-1.487219438446237,-14.454786461944563,FLT3,4,Cluster 4
-18.961397856425567,-7.19168737908161,FMNL2,1,Cluster 1
-8.610003881485408,-17.935829261864377,ADAMTS2,4,Cluster 4
11.643537909361191,-14.898923185501948,RBM4,2,Cluster 2
-4.48490815539419,17.800710887322293,TRBV19,3,Cluster 3
8.1470991370839,-12.684621698501491,MATR3,2,Cluster 2
21.400433190295654,-9.178579091498316,CEP41,2,Cluster 2
5.376688371099919,17.122026602908505,RPL34-AS1,3,Cluster 3
-4.697742548766867,7.990953347578451,ATP8A2,5,Cluster 5
12.990466488821413,19.21958086550578,AL354733.2,6,Cluster 6
17.71420844423977,10.908080425992344,MAGEH1,6,Cluster 6
6.291886691645495,-21.0430834827761,ZNF410,2,Cluster 2
-23.178976071151972,6.192202414171876,SAP30,1,Cluster 1
2.9989395119934907,11.045311133043777,AC103760.1,3,Cluster 3
5.209020432990203,19.272471972001433,AC074032.1,3,Cluster 3
4.782366494401996,20.072246488564076,TSPAN9,3,Cluster 3
24.086524555557084,5.934892142934098,COX16,6,Cluster 6
-22.131688776491686,11.86253138614879,C6orf120,1,Cluster 1
-5.189666040537569,-18.268415704917174,MEIS2,4,Cluster 4
-4.578655250799004,-13.075890069405387,ICAM5,4,Cluster 4
-14.653603619381254,-0.27996935237646964,MTO1,1,Cluster 1
2.1152306119569575,-2.805616516171398,LINC02295,5,Cluster 5
-4.985278940377925,3.5910710759852615,AC010260.1,5,Cluster 5
-2.0037293764717714,16.008229177491877,KRT73-AS1,3,Cluster 3
-23.506241727995587,5.609152191039848,TMCC3,1,Cluster 1
-15.764138590130674,-16.270125767982133,PRMT3,4,Cluster 4
-17.813802388660307,2.83444837345935,SOX4,1,Cluster 1
-22.599095998078827,1.7903074431415473,TEAD1,1,Cluster 1
11.023383073375424,20.62871779326488,AC005498.2,6,Cluster 6
2.607785952781306,23.027767451138235,ELOVL7,3,Cluster 3
16.19113103722967,-12.739925315023871,AC009570.1,2,Cluster 2
9.95624447283631,11.594108157664953,NELL2,6,Cluster 6
7.845347308459989,-3.457965119530758,ZNF512B,2,Cluster 2
19.115331091455044,-8.116080007192638,MTA3,2,Cluster 2
13.900571023824371,3.0262550934895818,GPA33,6,Cluster 6
-14.297886266608197,4.39198994394318,THBS1,1,Cluster 1
4.72345979278956,22.385255091013015,TRAV12-3,3,Cluster 3
-9.41835876727174,-12.976850427901592,FRMD6-AS1,4,Cluster 4
-16.014842809632114,-1.7462622461999628,INTS6,1,Cluster 1
15.4496152828409,17.001273773125348,AC020910.5,6,Cluster 6
-18.678877457501212,10.25549438217881,P2RY12,1,Cluster 1
-4.479407701420335,-11.303427924955114,H2AFX,4,Cluster 4
5.766104992587941,20.67014283103953,AP006621.3,3,Cluster 3
-24.098769323578708,2.8809198889387537,NABP1,1,Cluster 1
-3.5313492476285124,14.740983751776211,ZNF880,3,Cluster 3
2.86993959043165,19.571507852795502,GTPBP6,3,Cluster 3
8.717479537261049,-7.750168598455862,PIGY-DT,2,Cluster 2
17.346334167379858,14.305746254386005,MHENCR,6,Cluster 6
11.206677001266728,-17.139702518608107,LPXN,2,Cluster 2
16.143276243461017,12.530934124238462,USP16,6,Cluster 6
18.273957404337445,-3.5782686925312386,MTERF4,2,Cluster 2
-21.26826273421313,-6.908546362004584,EPAS1,1,Cluster 1
10.712717994232552,17.917863652619772,MIR3945HG,6,Cluster 6
14.835280197124401,1.5730842604746644,PRKAR1B,6,Cluster 6
-19.45081206581304,-5.283555281409403,ZSCAN9,1,Cluster 1
9.46022920010873,8.305877206104395,HOXB-AS1,6,Cluster 6
-24.514403245062685,5.449088905408937,HS6ST1,1,Cluster 1
3.149932481243328,-3.5248727835020377,AC095350.1,5,Cluster 5
15.467734765996802,6.929725257318436,AC016876.1,6,Cluster 6
-12.851261127049876,-22.399843876182167,IGKV1D-16,4,Cluster 4
-24.54691816283069,3.8129134336605137,MERTK,1,Cluster 1
-0.8788610050496396,-20.388065596844893,ADRA2B,4,Cluster 4
10.895093831152186,-1.6909420114021054,RBM11,2,Cluster 2
6.903860365193798,10.088096815880068,CYLD,6,Cluster 6
-20.17919941261384,-9.301944263953702,ADHFE1,1,Cluster 1
20.420107620772082,4.577693753225122,WDR74,6,Cluster 6
11.891277404245583,8.117838348515377,APBB1,6,Cluster 6
18.579596845839497,6.8736282333819725,ANKRD49,6,Cluster 6
-2.4038581584592493,5.893285339900734,AL117381.1,5,Cluster 5
-6.851724122053078,-20.484708778030445,RAB17,4,Cluster 4
10.9954859026163,-5.1622218198192105,DNMT3A,2,Cluster 2
5.322788901354349,8.52703104914051,LINC01550,5,Cluster 5
20.151291399155035,7.553328151074116,AP002748.4,6,Cluster 6
-5.890110004593745,17.861379167272172,TRBV7-2,3,Cluster 3
5.930455508263971,8.813855215784102,ABLIM1,5,Cluster 5
-9.50156480349717,-4.357081479670318,KLF1,5,Cluster 5
1.2678632345433092,15.329943826310549,FAM107B,3,Cluster 3
10.626122594745693,-15.481170909648087,AL023882.1,2,Cluster 2
12.567531232638258,10.050184048566656,LINC01237,6,Cluster 6
-5.013055680990088,23.134931495812463,GP9,3,Cluster 3
5.788861968187117,14.847056560245392,CENPK,3,Cluster 3
17.072053887710453,-7.727124371118522,BICDL1,2,Cluster 2
8.241127026070995,21.04799799147397,ZBTB20-AS3,3,Cluster 3
13.991852003216094,-17.560057407137005,CNN2,2,Cluster 2
-26.39092908192043,4.547323966804026,SHROOM1,1,Cluster 1
14.28319281160618,-13.891038099050716,FXN,2,Cluster 2
6.359357650339674,-13.031090182499929,AP001318.2,2,Cluster 2
6.233424527647458,-6.793894334288058,AC006042.4,2,Cluster 2
10.200067859036038,1.591720901777261,AC090948.1,6,Cluster 6
16.76859252791192,-6.202683274879856,AKAP8L,2,Cluster 2
-7.046682595447112,0.6205775419703706,REG4,5,Cluster 5
21.699553489984986,-12.26093383058522,AC093690.1,2,Cluster 2
-16.40462845627317,-10.458102249576765,NLRX1,4,Cluster 4
16.078814365999257,-9.820441903124522,ERICH6-AS1,2,Cluster 2
9.164042726157774,13.717072961276854,AC103724.4,6,Cluster 6
12.240419171394999,-14.324783009846644,CYTH1,2,Cluster 2
-19.266935877313742,2.3661105962893716,CFB,1,Cluster 1
13.786577829835583,14.076286242971358,AL031963.3,6,Cluster 6
-24.590598723439538,1.37143421976573,USP24,1,Cluster 1
5.165563882817994,21.863284253861295,AC020978.5,3,Cluster 3
-13.495015670511858,20.508070792937687,MED4,3,Cluster 3
-6.463566679878152,21.741098054543162,SYNC,3,Cluster 3
20.672286090203553,8.170347648629175,ATF7IP2,6,Cluster 6
-16.606728132557645,-0.11416882103265934,TMIGD3,1,Cluster 1
-11.64346374301106,-22.076221952611977,AC112253.1,4,Cluster 4
0.3229668922357022,10.175547192794788,TRAV41,3,Cluster 3
-10.597164013360775,-15.286565141189051,RAB3IL1,4,Cluster 4
7.782639391522505,-11.50441757492793,RAD51C,2,Cluster 2
0.11574109034236943,10.967437264426374,ZNF101,3,Cluster 3
-22.10456390549668,8.746816817315446,IGF2R,1,Cluster 1
3.3309767306540996,-16.61701933757302,LEMD1-DT,2,Cluster 2
-21.637638389106694,-1.1247268421015428,CCDC121,1,Cluster 1
-17.681490637087997,-4.132495611253549,NSUN2,1,Cluster 1
20.564567319341126,1.174191168947999,MMP24OS,6,Cluster 6
-11.504464718152056,-6.382860792328125,SLC45A3,4,Cluster 4
20.963163847001805,7.005141134936089,AC087190.1,6,Cluster 6
-16.903762990494418,2.5686519381253134,PLIN2,1,Cluster 1
-5.340978005409606,16.645389721754924,OLFM1,3,Cluster 3
-18.270897381750398,15.537490459064745,PDZK1IP1,1,Cluster 1
17.601427606209235,8.906533793226956,ITGB2-AS1,6,Cluster 6
-10.228172578584646,-24.08843343375749,WT1,4,Cluster 4
6.342178225041614,-21.755057093637113,DNPEP,2,Cluster 2
-11.133906164624536,-8.22418293393269,AC145285.3,4,Cluster 4
1.0235381886977242,19.877887297227957,TRAV13-1,3,Cluster 3
9.616087082333054,10.283446420758617,TRIM52-AS1,6,Cluster 6
14.486300748625208,-16.496029166732296,RING1,2,Cluster 2
7.686806915486724,-12.626066078112679,RYR2,2,Cluster 2
11.298408712351778,16.662798505205135,NIPBL-DT,6,Cluster 6
-14.101136625347023,-22.12862043698779,HEPACAM2,4,Cluster 4
8.718672586939462,11.661097232989338,FAM174B,6,Cluster 6
17.688095537537425,-11.116110212375958,SH3D19,2,Cluster 2
13.853096159880083,3.7304934227892845,RNFT2,6,Cluster 6
16.410203644749352,-1.6921518335483297,ICOS,2,Cluster 2
-15.31562739910928,2.9436136346492843,AL590822.2,1,Cluster 1
0.17612038783464504,24.396328666652384,ATP5ME,3,Cluster 3
0.6085187455969022,-2.5061467593784226,DACT1,5,Cluster 5
13.013851285887103,-17.798870373261213,SUV39H1,2,Cluster 2
-19.26403762975924,-2.714406454486301,GLA,1,Cluster 1
-6.591846721555517,-14.464357910342763,DNAJA4,4,Cluster 4
-0.47356274848588403,22.39606769077561,ARMH1,3,Cluster 3
-6.466935867307636,-0.7560011896259232,ZNF529-AS1,5,Cluster 5
-15.663757790577655,-19.210212152323944,SLC25A21-AS1,4,Cluster 4
15.817061227153742,-2.3025650614527566,AC093388.1,2,Cluster 2
4.73661576570672,7.345566427098861,FGD3,5,Cluster 5
12.437269983064457,-1.9761697716992945,FOXP1,2,Cluster 2
-17.545328125004662,4.914080852893015,SCAT8,1,Cluster 1
-19.565316297279043,-1.0364431847108468,SESN2,1,Cluster 1
-18.687611749268278,-0.4084376298717448,AL731559.1,1,Cluster 1
17.929814918939062,-5.247328134122208,AP001453.3,2,Cluster 2
-22.622319487815542,0.37063839056921744,AC021054.1,1,Cluster 1
-14.471917877165696,-14.251804466520207,LDHD,4,Cluster 4
11.750048000850219,18.002874708194124,BEX3,6,Cluster 6
-22.973566267737727,-4.45373701077251,LILRB5,1,Cluster 1
13.321535960817432,5.953385038110208,TXK,6,Cluster 6
-1.373610654354195,23.610029244972676,ALOX12,3,Cluster 3
-0.14012052944821507,1.699016021869744,FAM171A1,5,Cluster 5
19.929443220479282,-9.6720458215134,ZNF628,2,Cluster 2
-15.413527694109602,10.758938628544254,PLK2,1,Cluster 1
4.102933387379757,20.620049936762047,AC079793.1,3,Cluster 3
16.124950210269702,-14.403606252804009,COQ4,2,Cluster 2
17.75180365951796,-7.343514887130054,LINC01806,2,Cluster 2
-20.58659687131056,3.4974360288991533,ZNF449,1,Cluster 1
-20.694070405067084,-8.097512670334128,AC009090.2,1,Cluster 1
-0.11562979962309862,-17.705593985560704,AJAP1,4,Cluster 4
-3.627134352757014,18.052717426406208,C12orf60,3,Cluster 3
-22.22509464111095,-1.3176539560780527,TAGLN,1,Cluster 1
-20.058888802066793,8.723788905113105,UBR2,1,Cluster 1
5.517294911804496,-14.984424226084771,AP000525.1,2,Cluster 2
6.153233038508277,-15.401812586900817,AP000223.1,2,Cluster 2
-21.73741894983092,-16.067661728721156,AC020659.2,4,Cluster 4
-5.748512685946042,14.116023006393624,FBLN5,3,Cluster 3
23.45735729259086,6.899854366307497,DGCR6L,6,Cluster 6
7.1801704076521276,11.602635324156362,ANKRD55,6,Cluster 6
-23.777083772049824,-6.455010529819743,PDPK1,1,Cluster 1
-22.030112965525706,12.743258587079966,BACE1,1,Cluster 1
1.3789305449616052,6.409314177867711,AC090061.1,5,Cluster 5
-21.553167849299395,-7.347596866297609,NKAPL,1,Cluster 1
-2.424138296965106,3.9811359509350215,EDAR,5,Cluster 5
4.905606042259823,10.43506361919684,LEPROTL1,5,Cluster 5
15.723916958892097,3.143248520575338,CDHR3,6,Cluster 6
-22.627361849693767,3.1704369004047117,VNN3,1,Cluster 1
10.281409926039544,0.9170744575420569,OCM,6,Cluster 6
-23.73162630549191,-2.4995109069879615,DCAF6,1,Cluster 1
18.223391251790066,-15.268848833391566,FOPNL,2,Cluster 2
-0.7285774480208275,-8.80781041372682,C2CD6,4,Cluster 4
-22.343105253708238,-3.829542276982704,GLMP,1,Cluster 1
3.911811479808716,13.479903082579035,PACS1,3,Cluster 3
-1.902084791433905,-19.79201070470703,AC098484.2,4,Cluster 4
-0.8771290386969098,-2.7408914908965984,AC092296.2,5,Cluster 5
-8.30435053477765,13.362101677833374,C19orf81,3,Cluster 3
-18.4711789856404,-10.267531472142485,RHPN2,4,Cluster 4
5.348230198627975,-2.0468325530044074,ADAMTS10,5,Cluster 5
-21.812728152173428,-4.541526736002281,TMEM63B,1,Cluster 1
2.1864030237514345,17.656523999788828,AK5,3,Cluster 3
-4.2954542180466415,6.027505610921553,IGLL1,5,Cluster 5
19.89766649233442,5.412816959145959,AC008946.1,6,Cluster 6
10.713265644623396,13.155937162725117,MLLT3,6,Cluster 6
-21.317266236490937,-15.042725286818587,RASAL2-AS1,4,Cluster 4
6.134604565207354,-2.312279880113838,DIXDC1,5,Cluster 5
20.715536145457122,12.928486624596268,SNHG10,6,Cluster 6
-19.874200231243996,9.896536006451136,C1QB,1,Cluster 1
8.369592545463563,21.6231087691983,AC113615.1,3,Cluster 3
-15.604698971943387,-20.91018175606453,BDKRB2,4,Cluster 4
-23.267417031434256,-9.37496843146235,AC099050.1,1,Cluster 1
17.894250659254833,-14.474547086473335,RGPD5,2,Cluster 2
4.200272339296364,-21.54304491475282,ANKRD7,4,Cluster 4
5.300999980832867,7.643557290533862,NUCB2,5,Cluster 5
10.606965802940941,-22.68706772499583,LINC00470,2,Cluster 2
14.953712545883931,-12.87702564701377,SKA2,2,Cluster 2
8.611570594386958,4.908149710379035,AC044849.1,6,Cluster 6
3.921620701210349,-14.230316425516357,AL357054.2,2,Cluster 2
-18.961306586247805,7.435489124376839,POLR2A,1,Cluster 1
-20.475269930280405,-3.5484432914107673,USP27X-AS1,1,Cluster 1
4.138068229182848,21.512380506916713,PXN-AS1,3,Cluster 3
-2.6122836942096073,-24.06431653000482,AL161756.3,4,Cluster 4
8.224420927568508,-10.350940950535858,WDR83,2,Cluster 2
18.185273237505392,5.475678145786446,LRRC7,6,Cluster 6
-4.753861171096947,20.773814328746038,CXorf58,3,Cluster 3
-2.0537801005854113,6.528221985500498,PITPNM2,5,Cluster 5
2.1354142677013193,-3.9533204161364726,IL11,5,Cluster 5
17.75468003382272,-11.539718372699758,KCNQ5,2,Cluster 2
18.182669055609168,13.157575529290177,AC008555.4,6,Cluster 6
1.0135257043745425,-0.06277632962161334,AC097369.2,5,Cluster 5
-11.488336527510826,-17.615733217644973,HOXA4,4,Cluster 4
-7.458531571727701,-12.981976093252289,DINOL,4,Cluster 4
18.943824083281957,9.66404562720076,NDUFA5,6,Cluster 6
-9.544413911094907,-22.175107970699106,AC055874.1,4,Cluster 4
23.756557039843795,-7.279348167287074,PHKG1,2,Cluster 2
-3.3494946873920735,-20.973874392661884,LYPD1,4,Cluster 4
9.179774456452611,2.947088315173559,PHF10,6,Cluster 6
-1.5467460453346606,18.910712199993203,TSTD1,3,Cluster 3
0.7265777838072413,24.03690439011158,LGALSL,3,Cluster 3
1.4510796934529908,-25.016555966364987,RETSAT,4,Cluster 4
-18.10132511789203,-12.693694311728061,GCLC,4,Cluster 4
5.321924939806027,-17.27236226194134,AC092115.3,2,Cluster 2
13.210163906221258,2.464869834714395,AC012645.3,6,Cluster 6
-18.784451054251537,13.319745960820617,PPP1R10,1,Cluster 1
-23.967340589665515,9.466449119337256,ZNF304,1,Cluster 1
-21.891719998594056,7.123433986077764,ACOX2,1,Cluster 1
-6.225598754718005,-13.801771406741674,KRT1,4,Cluster 4
-3.060005895414231,5.690268794585204,METAP2,5,Cluster 5
-17.739261889747826,-16.073283985491003,CHPT1,4,Cluster 4
-6.972389624186115,-15.570886331280187,AL034397.2,4,Cluster 4
-9.862518308877116,-8.287603423299993,AC073569.3,4,Cluster 4
-6.168540553855192,-14.593996490002176,REXO5,4,Cluster 4
-8.453491975238938,3.673461681246039,AL391987.4,5,Cluster 5
17.37252423083208,3.8676686846820085,MZF1,6,Cluster 6
17.525017436555732,6.111623813666431,SARAF,6,Cluster 6
5.015811683912847,9.038944366316866,SPEG,5,Cluster 5
11.199986511578725,11.68161465222995,NCMAP-DT,6,Cluster 6
-24.22950660157705,6.413383390595965,MPP1,1,Cluster 1
-2.5795549834978035,-24.97922199922556,LCN8,4,Cluster 4
6.95433240887594,20.25814843984505,AP002387.2,3,Cluster 3
17.064814451630934,-1.8597475007409312,TMEM9,2,Cluster 2
-21.41576981199795,-2.242943157867024,DCAF12,1,Cluster 1
-3.044421362929197,9.10364474182645,IGLV1-40,5,Cluster 5
-0.6897542089612858,-11.650756213398406,ANXA10,4,Cluster 4
0.02633442293016244,4.256868580132955,CRYGN,5,Cluster 5
-23.29845142251555,7.222778695965839,DCUN1D3,1,Cluster 1
-4.277031250780973,14.879704228455761,ZNF83,3,Cluster 3
-1.0166476737577923,12.987669572619456,LINC02611,3,Cluster 3
-9.481056940367846,-3.105110062800403,SHISA4,5,Cluster 5
-14.952091201674627,-4.6963279124776935,DLC1,1,Cluster 1
-17.106471356047322,1.2585666060283427,AL365436.2,1,Cluster 1
-13.483355363483744,-1.7045943649776574,B3GALT2,1,Cluster 1
2.6967611144427353,-22.978256857109923,AP003096.1,4,Cluster 4
14.633905512594522,12.533638685415537,ZNF837,6,Cluster 6
-2.47430023874165,-14.04587944129882,CAT,4,Cluster 4
-23.617508184829152,-9.041774769323546,ZNRF1,1,Cluster 1
-2.622354812601755,17.800793000188246,PCMTD2,3,Cluster 3
11.347825800987664,-0.7574647854535826,RNF32,2,Cluster 2
10.462902089714834,13.96862037400291,MGAT4A,6,Cluster 6
15.424468313169827,15.80079164661369,MPV17L,6,Cluster 6
4.842547527673546,12.061992789918646,LINC00861,3,Cluster 3
-1.4083553009626997,-13.053281814091006,NEU1,4,Cluster 4
2.051049144730751,-22.71323300326066,FBLN1,4,Cluster 4
21.679224268813105,-1.2625172248179997,AL080276.2,6,Cluster 6
23.966907111561184,-10.903084769321879,SLC25A33,2,Cluster 2
22.252673556449484,7.3389170231950285,AL590723.1,6,Cluster 6
-3.6587567641374332,12.906681078163466,HAR1B,3,Cluster 3
-19.417810861705536,-8.855036487571462,AC009054.1,1,Cluster 1
-29.212781857225398,-4.1070453887443374,C11orf52,1,Cluster 1
17.373259897496666,0.7151599916936429,SPDYE3,6,Cluster 6
10.663348334552126,-8.742353451380222,PSMA3-AS1,2,Cluster 2
-4.8227429420172525,-4.125875206073979,IGHV2-5,5,Cluster 5
-21.2194531254572,4.520638275766855,NFIX,1,Cluster 1
17.566725949609662,2.660762951297942,POLE3,6,Cluster 6
13.315335056198894,15.127432678807953,AC097448.1,6,Cluster 6
20.685603142045924,-11.13633050276119,ARID5A,2,Cluster 2
-2.353365600742864,-21.961662598305058,FBXO45,4,Cluster 4
23.763636188885695,-6.08922430182186,AIMP1,2,Cluster 2
2.5145617549741077,-22.118697275536775,ATP6AP1L,4,Cluster 4
-7.046664974417224,-23.26598377372291,PTK2,4,Cluster 4
4.704002081331128,17.445803279259653,MDS2,3,Cluster 3
12.170906421933726,-17.91497835291679,GIPR,2,Cluster 2
-3.0227295465241717,22.040070629833085,ITGB3,3,Cluster 3
-5.2188724524152414,-23.485154800814787,IGKV2D-24,4,Cluster 4
20.776334934253658,1.6632791595855134,AC123512.1,6,Cluster 6
10.180465666684535,17.591656778772187,AL133342.1,6,Cluster 6
2.406965284217009,8.359204456140917,ITPKB,5,Cluster 5
6.696910948604714,-1.3005847394592507,SLC30A4,5,Cluster 5
-21.449827458485757,5.820208427393096,DTX2,1,Cluster 1
-12.913483673558575,-13.532065690046325,GCSAML,4,Cluster 4
19.945555287783726,2.4279336688132345,SNHG3,6,Cluster 6
-22.6567218124933,0.7986349059054934,SLC66A2,1,Cluster 1
-10.055296330194722,11.293346955133124,LSM8,3,Cluster 3
0.7015937205415876,-13.10252695188576,WDR78,4,Cluster 4
12.02094384233913,-13.99678484952207,CRY1,2,Cluster 2
5.900188215926164,16.340695196248102,SUPT3H,3,Cluster 3
22.022595094030954,5.395748441650011,HS3ST3B1,6,Cluster 6
-22.560049437284945,-0.48536442113983463,TOPBP1,1,Cluster 1
-7.636851572326662,11.058337699625428,MBLAC1,3,Cluster 3
11.223322106307515,-5.994040264975196,HIP1R,2,Cluster 2
7.679886515705892,5.214922575683256,SYCE1L,6,Cluster 6
0.3202880131786984,13.820164347665317,TIGD1,3,Cluster 3
18.09915437458422,0.42644395652301975,FAM41C,6,Cluster 6
-6.225951912593394,11.191378620580089,RGPD2,3,Cluster 3
16.71123101947531,14.997554025592748,PIGK,6,Cluster 6
-9.600381897894454,-6.483788948248589,METTL14-DT,4,Cluster 4
12.726185586142128,2.357752115862765,TMC8,6,Cluster 6
-3.370159188839057,13.013663897178962,ETS1,3,Cluster 3
0.16177321481701984,-12.151681704520056,IGLV3-16,4,Cluster 4
-20.726527033834756,12.71739756202443,FYCO1,1,Cluster 1
-0.22440055984364807,-23.655163049328657,IGKV1-17,4,Cluster 4
9.264833291361859,0.9133845348731575,POT1-AS1,5,Cluster 5
7.128027846327484,-6.89028072160965,GTF2H3,2,Cluster 2
22.33674263057537,8.975065682327546,C12orf57,6,Cluster 6
12.428536488672691,-2.8421114246320682,ACTA2-AS1,2,Cluster 2
-1.9527475294084098,20.195772016437346,SMIM27,3,Cluster 3
2.006257079452535,-1.6045645718337516,RNF212,5,Cluster 5
-4.251818541920516,0.7150041306312195,USP21,5,Cluster 5
7.764085176654638,14.255404520879942,TRAV13-2,6,Cluster 6
0.4925646606346619,-15.710376277878822,AC090970.2,4,Cluster 4
-1.6637501328352169,-15.411163935633766,CNKSR3,4,Cluster 4
-23.24497291699082,6.500977590101345,CMTM2,1,Cluster 1
-8.950054020731072,17.018891595877484,IK,3,Cluster 3
6.701971646870905,3.9435101037896874,AEBP1,5,Cluster 5
-4.678107197083524,-11.645130281281958,FAM81B,4,Cluster 4
17.58798844067402,-10.023540286174194,NBL1,2,Cluster 2
2.9778544765374426,21.05918644069815,AF001548.2,3,Cluster 3
-14.256492560880309,-14.435191461233943,STAC,4,Cluster 4
6.601833059071062,-0.30040773747599114,AC004812.2,5,Cluster 5
-4.865799888439655,-18.649105198988707,LPCAT1,4,Cluster 4
21.576190093082634,-3.0285155306260574,APOA1,2,Cluster 2
2.1430794639100204,-11.162114796462403,AP005262.2,2,Cluster 2
10.470572034130521,-0.25354136800917815,ADNP-AS1,6,Cluster 6
-1.5276554595210052,-23.76626581989454,MLEC,4,Cluster 4
-21.125726234093307,-17.07480902187808,PTPN21,4,Cluster 4
-23.024257712641834,-2.2658301522006075,AP002954.1,1,Cluster 1
18.091309950850434,-5.304174585773492,AP001020.2,2,Cluster 2
-0.08930503403362014,-20.485430082780827,IGLV7-43,4,Cluster 4
-11.20952707324699,-11.00795159040584,CYYR1,4,Cluster 4
12.017388458671855,21.36690201080668,TREX2,6,Cluster 6
9.13856693145524,20.301235983620565,DOCK3,3,Cluster 3
-17.370797412337538,-11.322708850834786,RCN1,4,Cluster 4
9.978731991882077,-13.584720439514642,MAP3K9,2,Cluster 2
-4.232833824276879,-20.804302791982227,AC004775.1,4,Cluster 4
-12.467973443495373,-15.034753408433179,NOS1,4,Cluster 4
-20.503209479851737,11.906656929184692,RARA-AS1,1,Cluster 1
-7.622626521023887,6.0349976933982346,CNN3,5,Cluster 5
-8.871478080243072,18.706960432137734,NDUFC1,3,Cluster 3
18.169044853505635,-6.417234334425175,CCDC58,2,Cluster 2
-19.935292654427066,8.059598391056154,CETP,1,Cluster 1
6.724654758670835,17.761526387809827,TTC39C,3,Cluster 3
12.085820233578312,19.730770016024668,PEAR1,6,Cluster 6
-9.814299819642466,19.422302350722173,SNHG25,3,Cluster 3
-2.631455282556609,-0.054903583660191706,AC105339.3,5,Cluster 5
0.6049799905755153,-19.827535138091637,MICAL1,4,Cluster 4
2.969188806005695,-13.234384430677784,Z98745.2,2,Cluster 2
13.425729856480404,-12.069758837574057,INSL3,2,Cluster 2
-11.547504716235766,2.6700584191151298,GADD45B,1,Cluster 1
6.668086471206679,-10.380131175613773,NEU4,2,Cluster 2
19.749973717285325,8.14835868000624,COL18A1,6,Cluster 6
-9.903106545675309,-13.318908461947073,FAM83F,4,Cluster 4
-11.644040012532775,14.312798557822756,TRBV7-9,3,Cluster 3
19.628860394256073,5.583750434487651,RAMP2-AS1,6,Cluster 6
16.078799998229467,8.715881048100453,SGCA,6,Cluster 6
12.309319425601805,17.106272475610727,CERKL,6,Cluster 6
20.657018145084166,10.686543086748147,AC005034.6,6,Cluster 6
10.72821615374107,4.916645429811087,LINC02422,6,Cluster 6
12.633026129139534,-3.8747687591748736,IL11RA,2,Cluster 2
-17.975011629811714,12.548964014045556,EXT2,1,Cluster 1
9.377556790139336,-15.088182936670457,AC026471.4,2,Cluster 2
19.55430658222188,3.4266734671340346,ZNF639,6,Cluster 6
-23.661409748664504,8.514669027280021,ARAP3,1,Cluster 1
6.790797435176517,-22.546861638003996,PMP22,2,Cluster 2
-9.920919202783747,17.750664620036304,TRBV6-2,3,Cluster 3
-6.564135646527043,21.411678146551584,AC010883.3,3,Cluster 3
-8.045315098508775,14.593982992274402,AC022916.1,3,Cluster 3
11.501773152896167,9.565853806393084,CENPV,6,Cluster 6
21.27867626130283,-4.688081009432724,COX6C,2,Cluster 2
5.062160982630963,-13.322335494615324,CCDC80,2,Cluster 2
16.561926039279435,13.922412812941387,RGS10,6,Cluster 6
-15.893173614506713,-3.315837288327188,AC021701.1,1,Cluster 1
-13.520537815597105,-22.301610595910425,IL17F,4,Cluster 4
-13.774964320992169,-19.437796054358532,AC023794.6,4,Cluster 4
-23.56370486753331,-3.3024962579533907,LDB1,1,Cluster 1
-4.653808109957519,23.087137757564605,RGPD3,3,Cluster 3
6.148511910456339,-23.87420767570353,IGHV3-72,2,Cluster 2
-7.064868743792423,-6.115617031729759,IGLV3-1,4,Cluster 4
-7.0849821766735825,17.605190460737585,ARMC2,3,Cluster 3
-9.146547926804999,-8.872060085434999,PLVAP,4,Cluster 4
11.872670731469013,-16.891043378420235,FANCC,2,Cluster 2
-0.806280056048271,-1.0137399240108287,AL391097.3,5,Cluster 5
-23.72066092035148,3.4181896392976734,TCP11L1,1,Cluster 1
14.38267060071693,14.275950419927154,DKK3,6,Cluster 6
6.775158677971156,13.491619156282907,FSTL1,6,Cluster 6
-10.703476506992414,-12.982303130807267,FAM71A,4,Cluster 4
11.015063762478707,-7.016329720654778,TSPOAP1-AS1,2,Cluster 2
6.08172501048799,-1.0647207067289393,LINC02610,5,Cluster 5
13.424673482157258,1.8160914782004118,CCDC39,6,Cluster 6
-21.261946091138768,4.018992195559913,AL590617.2,1,Cluster 1
0.3943260751927933,16.0316324186328,TMIGD2,3,Cluster 3
-7.797713153182482,-9.427221980086943,AC112220.2,4,Cluster 4
-20.442320644842717,-9.472083874871506,EHMT2-AS1,1,Cluster 1
8.278432994558926,15.880339575273302,AL583856.2,6,Cluster 6
22.432994558039542,-1.677059254078777,SMIM11B,6,Cluster 6
0.590812273872007,19.065974651655896,AC025449.2,3,Cluster 3
1.7593949484840583,-18.5080670628707,IGHV3-66,4,Cluster 4
-7.429073143468501,-16.64860072607164,LINC02315,4,Cluster 4
-1.5890111646731249,-22.417948486005145,AC008170.1,4,Cluster 4
8.904484647560981,9.527042953440043,AP004147.1,6,Cluster 6
-19.785410781406387,-15.844028974411495,AC007406.2,4,Cluster 4
-25.293631376298283,-3.332528328291557,GRHPR,1,Cluster 1
-17.195366957957223,6.530011066263179,AL121987.2,1,Cluster 1
-5.449298550405421,21.795596070330404,CEBPZOS,3,Cluster 3
-21.96076063127292,1.610796069794483,PLB1,1,Cluster 1
17.578975956496976,11.826339746396965,OCIAD2,6,Cluster 6
14.360513005340316,7.349746469959136,CDR2,6,Cluster 6
21.172197807057067,4.163749846311086,EXOSC6,6,Cluster 6
7.869328108473717,16.741420598831365,AC010883.1,3,Cluster 3
10.659950066711152,-2.4636167143111645,AP002495.1,2,Cluster 2
-1.1558232291776784,8.88962339692399,CELA1,5,Cluster 5
7.99703402026043,-13.826504978371977,RIBC2,2,Cluster 2
2.4487619391833624,-3.2361422533931634,AC007349.3,5,Cluster 5
-8.214813644021465,-13.852851722449387,PRSS3,4,Cluster 4
13.62905611969711,4.803346082019651,ELOA-AS1,6,Cluster 6
9.448548767022377,-1.025842723730744,FSIP2,5,Cluster 5
14.916052426469887,12.985554463115808,KCNMB4,6,Cluster 6
5.0452156120309475,-6.0930580474624625,ELL3,2,Cluster 2
-22.29514744769479,-11.356117389252834,IGFBP2,1,Cluster 1
-19.489685142360507,-3.7325227280396343,AP005432.1,1,Cluster 1
12.613558814384232,11.958765514001053,LINC02754,6,Cluster 6
16.35102603021268,10.755990191084457,HRH4,6,Cluster 6
16.705083247717987,16.851565756816417,AC005921.2,6,Cluster 6
1.091896893433757,20.405688389754584,AC007014.1,3,Cluster 3
16.307544688708113,-14.695278126108201,AC009831.3,2,Cluster 2
-15.105041384638737,-10.179938794624405,PYGB,4,Cluster 4
1.1278035774721367,16.785042346596317,ALG13-AS1,3,Cluster 3
6.9874929303717,16.978322534770527,AL731566.2,3,Cluster 3
0.8676276148647378,2.7615391321107494,KLHL3,5,Cluster 5
18.139133138647363,14.12691479104102,LINC01635,6,Cluster 6
16.506351024310554,-12.7443353976069,PRTFDC1,2,Cluster 2
-1.0209074830999336,-9.927132053153777,KRBOX1,4,Cluster 4
4.166006479740778,-7.307762166435589,AC104971.3,2,Cluster 2
23.054697516745932,-11.764853100789644,AC092140.1,2,Cluster 2
-17.016759815438323,9.077297233092324,ITLN1,1,Cluster 1
-6.4696840909131295,18.643286478870635,TRAV3,3,Cluster 3
16.440500972108865,-3.490109584893212,PDCD4-AS1,2,Cluster 2
15.136369052836779,-12.28867301627794,WDR76,2,Cluster 2
14.338661447266581,-17.710650296893412,FDFT1,2,Cluster 2
-17.85072757219993,-5.335925388352756,AC087273.2,1,Cluster 1
7.176870307142756,2.3800202115808626,IGLV2-23,5,Cluster 5
-17.141958521215503,13.404830066863497,HEXIM1,1,Cluster 1
6.153553564413795,22.010382612327298,AL162231.1,3,Cluster 3
-16.663351341621965,-1.5187325053804832,SORCS2,1,Cluster 1
15.827305547005535,16.55070910822009,SPX,6,Cluster 6
-0.004201274150069186,-15.247881461333726,MT-CO1,4,Cluster 4
-15.019552859581587,-17.77687084835317,LINC01556,4,Cluster 4
3.772668667008426,23.073086336743117,CTTN,3,Cluster 3
-9.468761758904312,20.421245077422114,JAK1,3,Cluster 3
1.9083409323072216,-7.6719116129342755,NOMO2,5,Cluster 5
15.001774248076497,2.826337744391253,RPARP-AS1,6,Cluster 6
-18.573655839260326,-5.579800705741854,CSKMT,1,Cluster 1
-19.17559075589685,6.5356294321810315,RAB34,1,Cluster 1
6.831363158090011,-14.467094876812368,AC022034.1,2,Cluster 2
10.60380595762181,-12.21382617081035,LYRM2,2,Cluster 2
-3.4922351821781845,20.797735317132663,LINC00920,3,Cluster 3
3.457916542769015,7.355372127475094,FAM102A,5,Cluster 5
-19.814989368427835,1.417241687356328,SPIN4,1,Cluster 1
16.510226157640574,-10.055686003345842,PLCG1,2,Cluster 2
13.529846146690085,-16.813219154243274,CNPPD1,2,Cluster 2
8.402803429665655,10.704573100008759,SHISAL2A,6,Cluster 6
-17.425054306431683,-4.550535833882094,CD163L1,1,Cluster 1
19.31453737131897,7.534493809042121,CDC42SE2,6,Cluster 6
23.18082382211083,1.3233528762545546,AC005856.1,6,Cluster 6
20.54621827654402,2.4924184202613424,MSANTD3,6,Cluster 6
-4.353607438643668,18.91866329103858,ZRANB2,3,Cluster 3
-1.9807554755196861,14.009537776351907,RCAN3,3,Cluster 3
-9.49538885597174,-15.268225262908915,FADS3,4,Cluster 4
19.37929251420108,9.388041117406447,ATP6V0E2,6,Cluster 6
13.616524481388334,-16.054362863479756,C11orf80,2,Cluster 2
-6.387235691867067,6.8280612971779275,MMP28,5,Cluster 5
-3.4941781444013706,-5.320090013865139,AC006329.1,5,Cluster 5
-13.212769394556565,-4.25835159057827,AC104695.3,1,Cluster 1
-4.942367795532034,22.35702686822572,AJ011932.1,3,Cluster 3
-11.66401161417732,0.7738834487532328,NRARP,1,Cluster 1
8.318187138696558,-5.043698415005639,AC087289.5,2,Cluster 2
-6.57814941888863,11.689167577822232,AC008731.1,3,Cluster 3
13.644498096329496,-15.185671744497736,CCNA2,2,Cluster 2
-6.7518974703087205,4.8449833264453295,C15orf40,5,Cluster 5
-2.139312747477368,25.75105483767638,AL133453.1,3,Cluster 3
-19.41476471140217,-1.6515155468171296,TMEM53,1,Cluster 1
8.269934510537482,-17.8749323927601,AC016590.1,2,Cluster 2
-11.074852599215266,8.290601774169406,AL022328.3,1,Cluster 1
14.332764317952444,-10.451189229734887,PDK1,2,Cluster 2
3.462327185256883,1.8723580173123056,MMAB,5,Cluster 5
-7.18698969307752,20.030239207436306,ZNF805,3,Cluster 3
15.65591147859824,-6.765233568746455,RNASEH1,2,Cluster 2
-2.181881011744067,-3.656630302536433,AC005052.2,5,Cluster 5
9.622544562449505,-17.605924291568655,TMEM143,2,Cluster 2
10.75668203781333,-4.351433147775903,AC019131.2,2,Cluster 2
-6.075004346205252,15.10519678325935,ESAM,3,Cluster 3
21.152645005741903,2.056438086065634,AC007098.1,6,Cluster 6
-20.732273279339697,2.9856300904517807,BBS10,1,Cluster 1
19.92211246470613,0.02248245330548792,NCK2,6,Cluster 6
-7.322741919634356,23.115803070387486,TUBB1,3,Cluster 3
-3.401659301144725,19.43240219761934,TRAV17,3,Cluster 3
-5.038359257932306,-19.125863849057463,LDB3,4,Cluster 4
0.22209471069793943,18.62121304709345,LINC00653,3,Cluster 3
19.267252505197433,-3.8702286668485306,MORC2-AS1,2,Cluster 2
14.38725934545406,-5.589091986749279,AL591895.1,2,Cluster 2
-1.5228212421997351,-18.008472517166005,HSPG2,4,Cluster 4
-3.766216528693582,23.55633546844302,AC008267.5,3,Cluster 3
-4.6731927987593185,-18.27206144476412,IGKV1-16,4,Cluster 4
0.6420597373700458,-20.77354903856839,MAOA,4,Cluster 4
14.22857561842775,-16.88253881115901,COPS8,2,Cluster 2
-6.652048534850029,3.152389967455106,IGHV3-21,5,Cluster 5
-25.519894314364855,-1.5599503867137414,DNAH2,1,Cluster 1
10.262354679186695,6.547853538721481,LINC01597,6,Cluster 6
-12.30616108658024,12.782487384702694,AC136475.2,3,Cluster 3
-15.508090708558573,-6.337351746579085,ALOX15B,1,Cluster 1
-24.39310878616135,-4.239172310156871,PDZD8,1,Cluster 1
6.795343435340592,-8.194969435390144,LINC01013,2,Cluster 2
0.9824675232808102,1.9558344834677264,ZFP62,5,Cluster 5
7.618209217244837,19.883242303461408,TAF1A-AS1,3,Cluster 3
-1.917729926209699,20.063277588604407,AC009107.2,3,Cluster 3
1.2592554829128535,18.814863862708766,AC107223.1,3,Cluster 3
-12.981424065511005,-8.535222072140828,GHET1,4,Cluster 4
3.870057956947443,-16.154809424351313,RFPL4A,2,Cluster 2
0.3695610026202778,1.214963524133104,PRRT1,5,Cluster 5
-19.687052746658637,14.880847131525911,CERS2,1,Cluster 1
-24.22404647156661,4.603066174622254,TMEM87B,1,Cluster 1
-15.56060466533478,6.3355733550797995,MFSD6,1,Cluster 1
3.065753666382282,16.41863042949465,LCLAT1,3,Cluster 3
17.76449345522548,-4.505136103060342,TRIB2,2,Cluster 2
9.438479689488307,22.956913885563637,ROMO1,3,Cluster 3
-8.744715895470424,17.7641855453629,SRRM1,3,Cluster 3
-4.479796902831489,-15.67109319635993,OSBP2,4,Cluster 4
-4.267292076292156,7.614750459362623,IFT80,5,Cluster 5
-15.850617403055018,7.267722019699753,ZBTB7C,1,Cluster 1
14.495961193242302,-17.559126364920186,WDR6,2,Cluster 2
13.673187203484101,-4.453566526349302,UBA5,2,Cluster 2
21.30925970489159,2.8341004156168768,KRT10,6,Cluster 6
-3.0938754139506575,-17.17728650460017,ADORA1,4,Cluster 4
6.8694336039333175,18.82289762817016,PCED1B-AS1,3,Cluster 3
10.415872534922425,21.108825447987495,AC011462.5,6,Cluster 6
2.4213115461482184,17.986940134218543,PLEKHG4,3,Cluster 3
18.678035303179396,-13.797444002395753,DNAJC18,2,Cluster 2
10.17811720103504,-17.176620376946957,AC008686.1,2,Cluster 2
18.222111619904336,-2.1966870505110814,AC146944.4,2,Cluster 2
10.424428653625169,4.351851302683271,IPO9-AS1,6,Cluster 6
3.7428709138322973,4.109802212420317,DEGS2,5,Cluster 5
17.448863597706538,-12.06704844458117,THAP4,2,Cluster 2
8.16089229573521,3.607333282262864,IGHV6-1,5,Cluster 5
-7.338030296605783,11.258682017231331,ADTRP,3,Cluster 3
-11.029867546434089,-7.290285480043776,TMBIM1,4,Cluster 4
2.512900593954872,20.14614144191231,CSTF3,3,Cluster 3
7.80156881369111,4.422884179525578,AC004918.1,5,Cluster 5
5.008489960341735,-14.739155117775043,GNG4,2,Cluster 2
-11.64753350517647,14.71823777846953,CYP4V2,3,Cluster 3
16.879888941445472,-7.019752363333162,ANKH,2,Cluster 2
2.8108790586375108,-9.003389964215204,AL359551.1,2,Cluster 2
-4.621504883892178,2.1039250252234876,C10orf143,5,Cluster 5
-23.248552650220706,7.851323081761453,P2RX1,1,Cluster 1
-16.783784924047175,-8.386323045695375,SLC35A5,1,Cluster 1
19.489395197293646,-12.291421458837133,FBXW4,2,Cluster 2
-6.712459993450685,15.987331628110894,GTF2F1,3,Cluster 3
14.428338145660057,15.252508834623757,AC007038.2,6,Cluster 6
-14.175144568088285,-9.633882389384341,ARC,4,Cluster 4
23.690558969897914,-1.233530578483176,NDUFB1,6,Cluster 6
-10.09949609356252,12.03125906618474,TBC1D4,3,Cluster 3
1.0966955429631724,-13.773710771101626,AC092683.1,4,Cluster 4
13.671602258716476,-6.345266355529368,RBAKDN,2,Cluster 2
-11.036405082772543,-13.747188220257868,TCTEX1D1,4,Cluster 4
1.859286952759897,2.727449553697075,MAN1C1,5,Cluster 5
-6.4222785736454595,-8.072397962736675,PHF13,4,Cluster 4
-16.417862227285635,12.318714020964666,HSPA2,1,Cluster 1
4.309937479305033,-18.5733382974819,STPG4,2,Cluster 2
10.026956363599272,-2.54202555634024,PNISR,2,Cluster 2
-19.651274357425557,5.843677912893664,NDRG1,1,Cluster 1
12.987116887074576,-6.538228747466945,CAV1,2,Cluster 2
-3.8191873428964707,1.4554445694560094,AC008083.4,5,Cluster 5
-20.569673743905458,5.1926075311193385,STS,1,Cluster 1
-16.97394187003565,14.058117378187616,MORC3,1,Cluster 1
15.01046970514034,-12.49887573975289,CDC25B,2,Cluster 2
19.790810130810826,11.474360541320772,NSMCE1,6,Cluster 6
-4.735000334827519,-20.286706946369137,C9orf153,4,Cluster 4
-4.46336806771006,-23.905590495671557,AC010336.2,4,Cluster 4
8.492786630707615,-11.459027862211428,AL139353.2,2,Cluster 2
10.314823928835681,-12.747983958241281,MEOX1,2,Cluster 2
-2.2584788380944834,1.0125613480555227,NLGN2,5,Cluster 5
14.29119633338705,-3.5460105212226654,MAGEF1,2,Cluster 2
16.652155880002887,-8.294287338272882,MAD2L1,2,Cluster 2
-3.6229545452930174,19.032474168748283,AC026785.2,3,Cluster 3
-9.04241186209815,15.814332913084876,KRT7,3,Cluster 3
-5.057010327484722,16.811565331942152,PRKCQ-AS1,3,Cluster 3
16.93557151602553,-8.356254875892906,BMP8A,2,Cluster 2
16.409834579346967,-4.54986367566865,CRTC3,2,Cluster 2
-18.100731462604255,-14.203552941447162,AC125611.3,4,Cluster 4
12.020465253639207,-7.089813576242579,PM20D2,2,Cluster 2
-5.203713342188471,-7.599370648490131,AC097460.1,4,Cluster 4
-4.2101101197349005,-16.242249022191555,MCC,4,Cluster 4
-1.105412376401049,0.635885059657051,FAM98C,5,Cluster 5
2.8077676820011193,24.23410519796261,TMEM107,3,Cluster 3
13.95395646095983,5.619152555398063,HHLA3,6,Cluster 6
10.131112122671933,-4.018812193478508,COL6A3,2,Cluster 2
-19.28257739288317,-4.3346346663368145,SYTL3,1,Cluster 1
10.94988418368825,12.288983274775193,ZNF213-AS1,6,Cluster 6
10.30646187460002,-18.540649384733904,METTL17,2,Cluster 2
6.876939346271359,-20.588261983697976,CENPL,2,Cluster 2
-22.282076380111008,10.005408123529257,TOB2,1,Cluster 1
-5.264350062734608,-6.13037879909433,IGKV3-15,5,Cluster 5
-24.992625248623987,-7.865844928778204,NAAA,1,Cluster 1
-13.123015996921756,-20.334867701474575,AQP1,4,Cluster 4
-21.221591391986674,11.615010417945452,IER5L,1,Cluster 1
-20.11824635637643,-10.93652292938914,AC090772.3,1,Cluster 1
2.805758856311536,0.7815002217132159,AC104825.1,5,Cluster 5
-13.318389610268147,-2.6546003323515843,IL17RE,1,Cluster 1
17.21887007756895,-9.016047751114543,GCSH,2,Cluster 2
-3.4220283979781145,9.58364301451565,CRACR2A,3,Cluster 3
2.940868844659613,0.8936847221095139,SLC25A51,5,Cluster 5
-1.541344497505892,9.300022005595343,BX293535.1,5,Cluster 5
-0.8818589273882975,23.021088184727006,NPTXR,3,Cluster 3
-7.409123538870532,-22.77975866722415,AC108052.1,4,Cluster 4
-10.411809774853111,-25.585233473910105,RNF182,4,Cluster 4
4.901723532736208,23.132463476398176,GP1BA,3,Cluster 3
-19.993736816054973,-12.574819544510282,AC008403.2,4,Cluster 4
-10.188555874838862,22.75560192363121,CAVIN2,3,Cluster 3
5.886232595167564,-16.68329759721545,PRR36,2,Cluster 2
11.040475951911814,-10.239960434576853,ASPM,2,Cluster 2
-7.850633423150306,19.628424572430184,NCBP2AS2,3,Cluster 3
12.540887711361535,-10.460217604151776,CCDC138,2,Cluster 2
-9.255013427390125,22.81820674979602,GNG11,3,Cluster 3
-6.09353633905982,-2.619316092363995,MKRN3,5,Cluster 5
-5.137300155655104,19.941566951629945,TMEM120B,3,Cluster 3
16.04237445298014,-8.284175843004464,SAMD10,2,Cluster 2
-11.02304054799939,-5.744674241902805,S100P,4,Cluster 4
-0.17209654008732134,3.2958831419982633,AGRN,5,Cluster 5
-3.494746892860805,-8.203666144016607,TRBV5-6,4,Cluster 4
0.05646917868568232,14.864590955701189,BEX2,3,Cluster 3
-19.56593846283106,13.501411436989017,JAZF1,1,Cluster 1
10.314714030443218,-14.151452652273695,HSF5,2,Cluster 2
-8.414163067301327,16.879773061049743,PRXL2A,3,Cluster 3
4.864551846713642,3.5185138532105698,ANKRD16,5,Cluster 5
-2.2683971545154833,21.82100034025891,TNFSF4,3,Cluster 3
-17.86793655518619,-0.5595777271423634,UBE3B,1,Cluster 1
1.6525842538447053,-5.104715923128244,TRBV12-4,5,Cluster 5
-10.061177833419114,-18.60668685077577,FKBP1B,4,Cluster 4
-20.227944622810156,-4.490521950343291,AL672032.1,1,Cluster 1
-12.276970665016234,-9.692501396329913,PTOV1-AS1,4,Cluster 4
19.81501486266392,-2.7654351321049315,HMGN3,2,Cluster 2
9.178214811834174,4.059589208922645,AC018450.1,6,Cluster 6
-7.62978883317506,-22.279551627879226,IGHV3-49,4,Cluster 4
19.693718971432457,-5.439685414655635,ATP6V1G1,2,Cluster 2
-10.827698284125756,19.481763707922806,PINX1,3,Cluster 3
-18.35215073123851,-8.349184141288134,SLC4A8,1,Cluster 1
-10.165293998798738,15.706465415187772,RBM19,3,Cluster 3
3.1636190974752187,11.981593457282958,NUDCD3,3,Cluster 3
19.90611798894893,-4.5564136014549455,FARS2,2,Cluster 2
13.136852949894509,6.8519733330368835,AC012615.1,6,Cluster 6
16.438124437564245,7.965295199554513,NMT2,6,Cluster 6
-4.728521085594963,14.329267300195731,SCNN1D,3,Cluster 3
-10.902347120414229,14.686832821905869,AC006237.1,3,Cluster 3
8.370455466920632,-6.4308816709106775,STK33,2,Cluster 2
2.4339354405934257,11.898732296190385,EBLN3P,3,Cluster 3
6.35517735205894,8.59252254987902,CTSF,6,Cluster 6
-18.720015064038048,-11.001023520041855,AC060766.4,4,Cluster 4
13.89610113989687,16.451600952978254,KCNK12,6,Cluster 6
-22.72391684440748,9.615315199892335,RGS2,1,Cluster 1
-8.419401188268106,-16.428888983838256,AC007036.5,4,Cluster 4
-9.051221002037396,10.074587148937471,RASA3,3,Cluster 3
-5.964361056978609,16.06461196071808,GCNT4,3,Cluster 3
16.51745804125573,-5.385558327276942,SF1,2,Cluster 2
-18.69449392014345,11.297419386624018,CITED2,1,Cluster 1
16.63166131013242,5.545065822258876,FAM184A,6,Cluster 6
14.723377425852119,-8.753961021955705,ZMYND19,2,Cluster 2
-7.696736532800688,-19.62510332324957,PITPNM3,4,Cluster 4
21.51448562510548,-10.609711320792348,CLDND1,2,Cluster 2
14.453464235898778,8.368080467634199,KLF12,6,Cluster 6
19.259323120935257,9.929553338956302,AC008083.3,6,Cluster 6
16.45471194138174,-11.669911257320322,GIGYF1,2,Cluster 2
-11.675044615605195,16.677544081093373,TRBV9,3,Cluster 3
-25.370814661383797,7.184307782394039,LYL1,1,Cluster 1
20.391099283303927,-5.540925055326167,MRPL42,2,Cluster 2
-6.92978865957336,-18.299486747720575,BICDL2,4,Cluster 4
15.477981862809798,5.161074011135011,AC004585.1,6,Cluster 6
-10.43451464203567,19.237698894030856,XPA,3,Cluster 3
8.406151586768711,5.427131445330604,PCBP1-AS1,6,Cluster 6
-11.333060493525037,-12.675594867414475,KLHL10,4,Cluster 4
9.527762988489775,14.133715451381125,LINC00665,6,Cluster 6
7.477164143897172,0.5370173493325011,ATP10A,5,Cluster 5
5.537101816365711,-7.535961322442618,PM20D1,2,Cluster 2
-0.7871444862079043,-6.392455431648761,IGHV3-15,5,Cluster 5
3.080810452627036,-17.421531511874637,DNASE1L3,4,Cluster 4
13.80291605845087,12.151667242462807,LGALS14,6,Cluster 6
-15.676043538991975,8.143357471415753,LPL,1,Cluster 1
-2.209922047089426,-12.490140692305884,HOMER1,4,Cluster 4
10.77582594595308,-19.27029036207772,AC022973.4,2,Cluster 2
-17.78341047374209,6.788553237721171,GREM2,1,Cluster 1
-3.0006991493615227,11.675915239582087,BCL9L,3,Cluster 3
1.6157617626754297,8.136212654290013,SLC22A23,5,Cluster 5
-6.148055336216193,-21.031451450769396,PREX2,4,Cluster 4
-16.422141245557714,-10.082626209136643,ID3,4,Cluster 4
10.718303091764335,-16.340909423431192,LINC02245,2,Cluster 2
-19.840222674375095,2.9246362250018074,TOR1B,1,Cluster 1
4.999729887661194,-21.018176619509248,TM4SF1,2,Cluster 2
12.463402640168061,16.107297986399537,BMP6,6,Cluster 6
8.272356702549835,18.814253737215754,TSHZ2,3,Cluster 3
-10.752104568031278,-26.073363287765563,AL035587.3,4,Cluster 4
11.30703666742238,1.8826943822013156,NEXMIF,6,Cluster 6
14.818287094212781,-5.238726195207896,AC098820.1,2,Cluster 2
12.791244759304861,7.904473916777853,AP001107.2,6,Cluster 6
3.7745814674804405,19.536284489034163,TRAV4,3,Cluster 3
-21.66294051537598,2.5451001410570577,ECHDC3,1,Cluster 1
-11.237644077751128,23.726037086777822,MAP3K12,3,Cluster 3
-11.524074640241427,-24.17049283642712,EPB42,4,Cluster 4
24.565808772422187,-0.5963543096093542,ZNF337-AS1,6,Cluster 6
-8.905180555142145,14.411331886461824,FXR1,3,Cluster 3
-11.382742313825908,-4.58241445967111,PIK3R3,1,Cluster 1
14.001250819882053,-5.384404867243893,CCER2,2,Cluster 2
12.649700859403803,-13.48973320878107,TTK,2,Cluster 2
-3.2703707960488173,3.5474413837858356,AC009041.2,5,Cluster 5
-6.154471452717233,4.351740270157611,GOLGA8B,5,Cluster 5
-7.0496960528632115,7.028229742206056,FBXO25,5,Cluster 5
-6.659683966221451,8.759377197563948,AC004771.4,3,Cluster 3
1.6487015932335598,-20.768567530546097,LIPC,4,Cluster 4
-19.07692358500519,-12.769384288203472,AC006960.3,4,Cluster 4
3.040906856005644,5.2771946399552485,AL359232.1,5,Cluster 5
-14.518148066683434,2.647194000279452,AC012181.1,1,Cluster 1
12.49629821492945,-12.482524747734773,DLGAP5,2,Cluster 2
-17.378119925576346,-2.8772076187622875,ZNF799,1,Cluster 1
-11.311591748047222,4.146237373737691,SFRP5,1,Cluster 1
-23.77633094192904,4.521367267244371,CAB39,1,Cluster 1
15.94619004807524,-5.13199829998099,RNMT,2,Cluster 2
-3.06780133761789,-11.644291497829572,SMOX,4,Cluster 4
-5.699354341777999,12.61486571939724,SEC14L2,3,Cluster 3
9.136163642893433,-10.715866070608051,DNAI2,2,Cluster 2
14.68128111452386,-2.582261184941103,AF129075.3,2,Cluster 2
-17.89992160605474,10.0857681227019,PTPN13,1,Cluster 1
-11.887991844846741,18.21964307206801,AC008063.1,3,Cluster 3
7.043509308832062,-12.447017724143588,AC011330.2,2,Cluster 2
13.407779118157086,-11.709726720531284,SKA3,2,Cluster 2
11.359031967154541,-9.104282518558938,LYPD3,2,Cluster 2
21.25233157892462,-9.880636459858975,RPS6KB2,2,Cluster 2
15.42458778738571,-8.831724336041177,ATP2A1-AS1,2,Cluster 2
-2.6566032995851065,-16.335934436075195,AC092868.2,4,Cluster 4
12.864907765122403,-15.398182978006828,MCCC2,2,Cluster 2
-22.31796193939016,-3.0083933450753197,CIDEB,1,Cluster 1
-11.472354376467052,12.75565785507053,SESN3,3,Cluster 3
-13.47561101266401,0.43112354740862757,MSRB3,1,Cluster 1
-3.4990110255979068,16.505955884365562,TRAV26-1,3,Cluster 3
-1.8149436872601785,-19.216708980871157,MSC-AS1,4,Cluster 4
4.550721267038081,-5.359470896838916,IDH3B,5,Cluster 5
-1.4475021082639825,-19.62113595614167,RNF10,4,Cluster 4
20.592989825282263,8.967388332035506,IGHG4,6,Cluster 6
21.657536582170557,0.6821202986494488,SBK1,6,Cluster 6
-20.92294644361148,-3.077097887505004,KIAA0895L,1,Cluster 1
-5.3554866224419175,-10.12338227079682,RHEX,4,Cluster 4
-20.38657591306369,13.048760468933988,KCTD15,1,Cluster 1
-22.07797402728996,8.969905128727664,ANKRD34B,1,Cluster 1
4.685537307932767,6.010377767262758,AC104532.2,5,Cluster 5
-1.1372489114054318,-5.481960488598573,ASIC1,5,Cluster 5
15.919977695986509,-0.26036679684199404,AL360091.3,6,Cluster 6
-14.992311383875201,1.5307112710996797,ARHGEF17,1,Cluster 1
-21.721198583502726,10.704604320051262,DDX42,1,Cluster 1
-11.236466254299607,-9.423174593462338,IL26,4,Cluster 4
-2.9931120922994205,-6.569172658928488,AL359915.1,5,Cluster 5
-6.099720079021971,-15.838255913730935,AC009163.4,4,Cluster 4
12.228092717781815,-15.454629566590544,H2AFV,2,Cluster 2
6.374576829975328,1.4962247799884894,COX20,5,Cluster 5
4.806304087549762,16.900713972214614,BCL11B,3,Cluster 3
-25.163013960645557,-15.539789927978767,AL645929.2,4,Cluster 4
-22.75956678495035,8.048747302459969,KIAA0100,1,Cluster 1
-21.436148890294135,14.228923434810847,NRP2,1,Cluster 1
0.7453218151456615,12.790339022848515,AC008522.1,3,Cluster 3
10.741570542988681,14.673723210796778,WNT7A,6,Cluster 6
0.40326058350646515,12.357549230614762,AC016571.1,3,Cluster 3
-0.5569378054571763,14.953577125533762,SYDE2,3,Cluster 3
23.238808537839493,-5.686458361137261,UFM1,2,Cluster 2
-12.857479982536931,0.3142751978384415,AIFM3,1,Cluster 1
20.071460096473874,2.811662703388795,MPC2,6,Cluster 6
4.0894738033858555,15.325604658220946,CD96,3,Cluster 3
8.561588114732167,6.705237096805986,GOLGA7B,6,Cluster 6
-10.403799011405177,11.003126596288169,DNAH6,3,Cluster 3
-21.734663200534786,0.2533494764828331,ABHD5,1,Cluster 1
-11.868838247029357,-12.27563554617262,AL008725.1,4,Cluster 4
-9.097259420736071,-16.259482042639583,IGKV1-6,4,Cluster 4
-1.1925908391770998,20.012179390382244,AC020909.3,3,Cluster 3
5.02487984764254,3.9400506052960647,MEGF6,5,Cluster 5
-17.187032249804954,-14.327802753707688,ZNF16,4,Cluster 4
-2.4415301608267845,10.998611856450816,KIAA0355,3,Cluster 3
18.424072614784116,-2.3838149133547972,UBE2D2,2,Cluster 2
24.679862352022194,-6.146694167873544,AL109811.2,2,Cluster 2
1.3412926785909993,0.5454598202417006,ABLIM2,5,Cluster 5
22.124398675259155,0.8740041549378859,TLE5,6,Cluster 6
14.385617737098226,3.6389905041725674,LINC00526,6,Cluster 6
-10.882258352776843,10.906079810028725,TRAV25,3,Cluster 3
4.546691685943778,-19.610038910342183,TMEM44,2,Cluster 2
0.6312874401083114,-5.105495365239554,TRBV6-5,5,Cluster 5
-7.612945531524909,2.9005727580005045,DISP3,5,Cluster 5
-4.469488621956928,4.537827106398136,LRRN3,5,Cluster 5
14.779020643003289,14.325489915766786,AC008443.1,6,Cluster 6
-19.755166437220645,11.613834281737558,PNPLA1,1,Cluster 1
22.99272320094905,-5.012903776631607,ATP5MD,2,Cluster 2
-11.517128041542158,-11.180601835981031,LINC00924,4,Cluster 4
0.8934131958247316,-16.83826143661752,TANGO2,4,Cluster 4
20.874328131614746,-11.390311615637405,CD47,2,Cluster 2
-11.234520146008247,-22.885108965141814,PIEZO2,4,Cluster 4
5.451970321769739,-3.0458947057454377,AL109917.1,5,Cluster 5
-1.7183001534482447,9.933513811004014,ACSL6,3,Cluster 3
-10.021747658841296,14.883857114453619,SALL2,3,Cluster 3
-6.782456398212614,14.556856481645378,AC078777.1,3,Cluster 3
19.327284744801982,-4.537568024402093,NDFIP1,2,Cluster 2
-8.378895446354134,22.38463972561965,SPATA24,3,Cluster 3
-13.621929156621645,17.44103013367934,FXYD2,3,Cluster 3
-16.656875676165967,-14.500719304698535,CAB39L,4,Cluster 4
12.610779619779153,-9.675837344779378,MOAP1,2,Cluster 2
18.349383805899773,-8.793120089429234,CCDC18-AS1,2,Cluster 2
14.288368213264665,-9.088273751029824,TUT1,2,Cluster 2
-18.923804297143942,6.017517594333609,AL589863.2,1,Cluster 1
12.971764993881061,-18.704865044043288,AC068389.3,2,Cluster 2
7.697395110178243,-16.003950149140422,AC092718.5,2,Cluster 2
-19.97560932262734,14.590695432843862,CD63,1,Cluster 1
-8.161132135085886,-9.68883623708328,TPST1,4,Cluster 4
-20.804423075755103,0.9472668222081717,TNPO3,1,Cluster 1
-23.838026676373005,7.0547480733903765,EXOC6B,1,Cluster 1
21.23507605169669,-0.9285354201373336,CD6,6,Cluster 6
-6.155762301736291,13.123351523896154,AL137139.2,3,Cluster 3
-6.6262510614137495,-12.20937800282288,SMIM10,4,Cluster 4
-5.368793691874877,-14.303881543446447,SLC18A1,4,Cluster 4
-11.882492346475205,-6.775923385778987,IRGM,4,Cluster 4
-17.869843842200044,-7.62900426685283,ABCC10,1,Cluster 1
-18.933231872493085,14.674789952374653,SPAG17,1,Cluster 1
20.789568817129936,-3.577976834619216,ERO1A,2,Cluster 2
-22.442060892510124,-6.196672129760897,AL592071.1,1,Cluster 1
-23.94122370449037,0.4885746024361391,AC114341.1,1,Cluster 1
-16.793006559351216,1.4604988609622116,HSD3B7,1,Cluster 1
15.040732975756725,-11.522139055233719,AL359962.2,2,Cluster 2
9.96366194428653,-17.682517819171178,AL021707.8,2,Cluster 2
-22.018474728407348,10.119695712311442,NDUFS1,1,Cluster 1
6.428359012203846,-9.778092082754693,AC145207.3,2,Cluster 2
-16.86432183833716,-11.925709053289314,ZNF763,4,Cluster 4
8.962077581788714,-17.253728347805016,AC107081.4,2,Cluster 2
6.4121542858023926,3.2788743994755505,LDLRAP1,5,Cluster 5
-18.842970285411763,4.601922394668282,BTAF1,1,Cluster 1
-0.37550419968136983,-13.69651887337295,AP3M1,4,Cluster 4
14.034085310604658,-14.943610369352069,DRAIC,2,Cluster 2
-16.21915469089832,8.828122730949381,DES,1,Cluster 1
14.146552948954897,1.444189946900365,TMEM267,6,Cluster 6
4.280436522376828,-11.830359468664065,RAPGEF3,2,Cluster 2
18.163433672436184,1.7373129461453887,BDH1,6,Cluster 6
-17.899637335097037,-13.335523439026407,KLF14,4,Cluster 4
-10.615374649519767,12.728497024882959,SREK1IP1,3,Cluster 3
-4.640287467001269,7.145700958530146,AC013460.1,5,Cluster 5
-12.983487552688258,-16.574203100279615,PRKAB1,4,Cluster 4
4.24294855813444,-8.798670584424954,AC026367.3,2,Cluster 2
13.841420017468787,-13.575804458432092,ALDH18A1,2,Cluster 2
-19.126316971554044,8.050417200979822,SEMA3C,1,Cluster 1
-12.72100092173039,-5.764490227837299,TRGC1,1,Cluster 1
-7.251339497022807,1.6067610707671505,EFHB,5,Cluster 5
-20.0593620745158,-2.6599124743315765,PEX12,1,Cluster 1
-6.252619845331359,6.017640199633015,AC011092.2,5,Cluster 5
19.363972900849713,-6.846584688816849,AL049840.3,2,Cluster 2
11.775384702300265,15.644874534550627,AC139530.1,6,Cluster 6
6.002322631167643,11.279178219742166,RCAN3AS,6,Cluster 6
7.731290097852784,-9.755320787750236,CCHCR1,2,Cluster 2
6.177375710142678,-22.035761585766668,FBXO7,2,Cluster 2
-9.485320065723531,9.440303568610284,TRAV9-2,3,Cluster 3
-18.400266365488278,12.226932078571236,TCAIM,1,Cluster 1
17.012622985077915,-10.385810546223416,C1orf159,2,Cluster 2
-0.46202974361024557,16.35288254303674,AC046158.1,3,Cluster 3
-8.632120762497687,6.474845435897809,SATB1-AS1,5,Cluster 5
0.7463301976582216,8.08901873131433,CNST,5,Cluster 5
-0.5780345754777163,-3.7969959130851714,ZRANB2-AS2,5,Cluster 5
3.4507077165247315,10.144738466169098,ZNF275,5,Cluster 5
11.393392054113885,14.025475368591506,NOSIP,6,Cluster 6
23.905265384938698,-1.591519461395891,VAMP2,6,Cluster 6
3.7362498810457896,16.654433658552282,AC123768.3,3,Cluster 3
13.173498152475503,-9.368406469306008,PLPP5,2,Cluster 2
15.182815035011942,-17.1342017622045,LINC00954,2,Cluster 2
-2.05863917280668,-1.942819881129708,AC093330.3,5,Cluster 5
8.467005229052265,-18.1198597832112,DHRSX,2,Cluster 2
-6.607123409295076,9.728878384839836,AC024588.1,3,Cluster 3
19.07550132817521,12.233091498443684,ITM2A,6,Cluster 6
-19.442946201591926,-11.27872448831202,MGLL,4,Cluster 4
21.40677676432222,-7.955181179026255,AL031714.1,2,Cluster 2
9.419803707919892,17.208882412493654,PPP1R2,6,Cluster 6
-13.605283838138028,15.455488838309506,HIST1H4J,3,Cluster 3
-2.9826653335732196,-14.120936238339189,AL353194.1,4,Cluster 4
14.66549421876455,11.870667583405758,CYB561D2.1,6,Cluster 6
0.9269544818610378,-18.750053959632776,TCHH,4,Cluster 4
10.603391168889193,-13.821957825957469,MCTS1,2,Cluster 2
7.41620535214834,-18.59884395480483,AC093802.1,2,Cluster 2
6.440994218421403,-4.490720521552506,AC124014.1,2,Cluster 2
-6.1406348356395775,20.181174220906893,MAX,3,Cluster 3
-6.183536029345246,11.960630614279088,RNF144A,3,Cluster 3
-5.499710181454989,-12.54932150062131,AC131097.2,4,Cluster 4
-19.772024946545628,-0.4382480188061341,SOWAHC,1,Cluster 1
11.685740879945136,-12.301462733104524,KIF2C,2,Cluster 2
-18.97559436827019,15.347762423951135,SIDT2,1,Cluster 1
16.154444710161552,-5.678588974496374,MRPL52,2,Cluster 2
-11.913680198680552,17.72138399222615,HECA,3,Cluster 3
11.010365578120156,-15.194755588998643,TOP2A,2,Cluster 2
-19.872838257806027,3.456652631794191,STIMATE,1,Cluster 1
-9.460468542362902,8.768274796794692,TRAV10,3,Cluster 3
-12.266801398079798,-4.379887380192865,SYTL2,1,Cluster 1
-0.22742845369181106,5.83106989770395,AC009560.3,5,Cluster 5
-26.677434561658824,0.21396738161908155,PCGF3,1,Cluster 1
14.751223059585532,-14.628598885763049,PSMG3,2,Cluster 2
-18.64371680144385,-16.915906515596248,EFNB3,4,Cluster 4
7.423532064419045,1.5263623939467732,AC025253.2,5,Cluster 5
-11.032281089248134,18.315112919297068,AL031259.1,3,Cluster 3
-16.17203074418309,-18.65664019437635,AL161910.1,4,Cluster 4
-4.739933720097294,15.839091259352365,MRPS33,3,Cluster 3
1.1424149072873309,-17.8920650184658,AL023803.2,4,Cluster 4
-20.546159519977692,9.329182337578645,GPNMB,1,Cluster 1
-2.9133577333954817,-21.32144325815772,SLC20A1,4,Cluster 4
2.529169282838359,19.57832616462762,AL137779.2,3,Cluster 3
12.682384791224536,-12.61647081159292,UBE2C,2,Cluster 2
5.8216488093981065,-19.280147181321468,ENPP1,2,Cluster 2
9.377794617917449,-3.984063293709888,SLITRK5,2,Cluster 2
-27.072940687646312,1.3140416950413134,EVC,1,Cluster 1
4.236546285784942,-10.536929735811931,LINC00907,2,Cluster 2
3.997720036896303,6.145173830662565,FCMR,5,Cluster 5
-22.9057107839935,9.388447878323262,CCNG2,1,Cluster 1
6.068652003460364,7.124563211999616,MARCH3,5,Cluster 5
0.8986118170474795,-25.3711956600159,ANGPTL6,4,Cluster 4
3.2110144621411716,2.9757463045331676,SARDH,5,Cluster 5
12.121837845139417,19.208072230251588,SNHG21,6,Cluster 6
9.804330862797228,-14.73545870573974,GPR15,2,Cluster 2
-23.588625040682427,-5.241688654709667,AC109630.1,1,Cluster 1
-1.3750384154266686,5.759838945466508,LGALS9B,5,Cluster 5
7.9589283024421045,18.91349894832328,RSL24D1,3,Cluster 3
-19.33330376003801,14.374999614583949,MT-ATP6,1,Cluster 1
-10.020102365050601,13.627350252996067,SNRK,3,Cluster 3
14.047120267323796,10.911041506061299,CERNA1,6,Cluster 6
-17.725422470292916,8.270656821547606,ADRB2,1,Cluster 1
-12.234270539003312,16.080717464170597,AL365205.4,3,Cluster 3
13.49452834706822,-10.750708705850007,RNF43,2,Cluster 2
-10.40489116329704,14.332437792571227,AL354733.3,3,Cluster 3
10.217053075100972,-8.643989533457598,N4BP2,2,Cluster 2
22.24579776637708,6.491043215171668,FLNB,6,Cluster 6
-8.090176765690716,15.634311555876039,AL355361.1,3,Cluster 3
-12.972059644003066,14.996078949643316,AC007952.4,3,Cluster 3
-12.720802422562713,2.307755046703521,GADD45G,1,Cluster 1
-17.2382817009837,-20.408693288118524,AL035446.2,4,Cluster 4
4.565141531357524,-11.380944003301229,TMCO4,2,Cluster 2
12.621525581979501,-16.135334553921602,STMN1,2,Cluster 2
-0.12274857704723083,-8.259377280097771,AL136368.1,5,Cluster 5
-1.3104917754357812,-7.3791890661586566,GIHCG,5,Cluster 5
-12.823629281928165,-21.469448155590694,THY1,4,Cluster 4
4.822789745837847,20.69834357670407,MMD,3,Cluster 3
-13.116535206795376,10.650550732245128,ANKRD40,1,Cluster 1
-13.098423973003127,18.294458930232786,MRPL33,3,Cluster 3
-4.186273115129324,10.566210772942469,SNHG8,3,Cluster 3
3.308106060444833,-18.288907988597916,C1orf54,4,Cluster 4
-8.803394578285664,23.211687353672716,TREML1,3,Cluster 3
21.004202032442915,-3.002240561003948,IMMP1L,2,Cluster 2
-15.276803914454511,-0.964656715457817,AC092718.1,1,Cluster 1
0.6178582297142243,17.648683527515047,VSIG1,3,Cluster 3
-16.044654089380593,-1.4519503101721951,PHKA2,1,Cluster 1
-13.142964219761385,19.68516887107156,LCN2,3,Cluster 3
-6.268085089534256,22.187122490206473,PTCRA,3,Cluster 3
16.65417823196238,12.603800505518459,MAP3K14-AS1,6,Cluster 6
-24.19054863865286,1.086527651102524,PLXNA2,1,Cluster 1
14.944705093166931,8.18253410097473,AC004771.1,6,Cluster 6
14.352690770613417,-10.929101871940427,HEXD,2,Cluster 2
2.84109718843636,-0.47379085545879485,SNURF,5,Cluster 5
-3.71259430791071,2.08175926195053,LINC01976,5,Cluster 5
-10.165628876761495,20.39197360571771,SMIM4,3,Cluster 3
-24.645693716325646,-0.49265178896552886,AC079313.1,1,Cluster 1
4.392275871303709,-9.460206083195377,AC025043.1,2,Cluster 2
18.527542017330134,1.278894407270606,SNHG9,6,Cluster 6
-7.6794039213005725,18.072567246781723,ZNF433-AS1,3,Cluster 3
16.75909987697072,1.9609031341447516,HNRNPDL,6,Cluster 6
-15.463773287097574,-5.000154340900479,SLC6A8,1,Cluster 1
11.948169588667,13.710581491941324,ZNF544,6,Cluster 6
-5.790819620032276,-1.1785912814741741,PLA2G1B,5,Cluster 5
-4.26821843998434,-19.165276399686178,SNAI1,4,Cluster 4
17.72823340394722,8.39870380186282,LRFN3,6,Cluster 6
-10.226453425256016,16.778755164369382,MAML2,3,Cluster 3
-8.206313131661382,19.56995747789862,TRAV8-3,3,Cluster 3
4.748665966525929,-7.971716376849024,AC140121.1,2,Cluster 2
